grammatical,ungrammatical
När det gäller inkomståret 1971 (taxeringsåret 1972) skall barnet alltså vara fött efter den 1 november 1955.,När det gäller inkomståret 1971 (taxeringsåret 1972) skall barnet alltså vara född efter den 1 november 1955.
När det gäller 1972 års taxering skall barnet vara fött efter den 1 november 1953.,När det gäller 1972 års taxering skall barnet vara född efter den 1 november 1953.
Krig är hårt och brutalt.,Krig är hård och brutalt.
Alla människor är inte lika.,Alla människor är inte lik.
Kamratförtryck är nämligen i lag förbjudet och alltså straffbart.,Kamratförtryck är nämligen i lag förbjuden och alltså straffbart.
"Du kommer att delta i övningar, där riskerna är stora, om man gör fel.","Du kommer att delta i övningar, där riskerna är stor, om man gör fel."
Utrymmet i ditt skåp är mycket begränsat.,Utrymmet i ditt skåp är mycket begränsad.
"Därför måste du hålla noggrann ordning på din utrustning och placera den i skåpet så, att sakerna är lätta att hitta och lätta att komma åt.","Därför måste du hålla noggrann ordning på din utrustning och placera den i skåpet så, att sakerna är lätt att hitta och lätta att komma åt."
Invandrarna är på samma sätt som svenskarna anslutna till den fackliga organisationen.,Invandrarna är på samma sätt som svenskarna ansluten till den fackliga organisationen.
"Uppgifterna i del 2 beträffande alla adressorter (ortnamn), som ligger inom Göteborgs stad resp Stockholms stad, är sammanförda i två särskilda avsnitt, ett för vardera staden.","Uppgifterna i del 2 beträffande alla adressorter (ortnamn), som ligger inom Göteborgs stad resp Stockholms stad, är sammanförd i två särskilda avsnitt, ett för vardera staden."
Paket och adresskort skall vara märkta med Utkörning när de lämnas in på posten.,Paket och adresskort skall vara märkt med Utkörning när de lämnas in på posten.
Paket och adresskort skall vara märkta med Ilpaket vid inlämningen.,Paket och adresskort skall vara märkt med Ilpaket vid inlämningen.
Paket och adresskort skall vara märkta med Ilpaket och Express vid inlämningen.,Paket och adresskort skall vara märkt med Ilpaket och Express vid inlämningen.
Det kan någon gång förekomma att provets utslag är svårt att tyda.,Det kan någon gång förekomma att provets utslag är svår att tyda.
Och alla vinsterna är skattefria.,Och alla vinsterna är skattefri.
Några kolonier är avsedda för handikappade eller klena barn.,Några kolonier är avsedd för handikappade eller klena barn.
Beloppen är olika beroende på hur många barn man har och på bostadens storlek och beskaffenhet.,Beloppen är olik beroende på hur många barn man har och på bostadens storlek och beskaffenhet.
"Även underhållsbidrag, bidragsförskott, studiemedel, trafiklivräntor, yrkesskadelivräntor och vissa privata pensionsavtal är värdeskyddade genom anknytning till KPI.","Även underhållsbidrag, bidragsförskott, studiemedel, trafiklivräntor, yrkesskadelivräntor och vissa privata pensionsavtal är värdeskyddad genom anknytning till KPI."
"För en del varor kan priserna samlas in centralt därför att priserna är enhetliga i hela landet, exempelvis sprit, tidningar och läkemedel.","För en del varor kan priserna samlas in centralt därför att priserna är enhetlig i hela landet, exempelvis sprit, tidningar och läkemedel."
De flesta flytvästar i handeln är orangefärgade.,De flesta flytvästar i handeln är orangefärgad.
"Både motorvägar och motortrafikleder är förbjudna för gående, cyklister och mopedister.","Både motorvägar och motortrafikleder är förbjuden för gående, cyklister och mopedister."
Kantlinjer kan vara streckade eller heldragna.,Kantlinjer kan vara streckad eller heldragna.
En nyhet är att det obligatoriska uppehållet kl 11.00 - 13.00 är slopat.,En nyhet är att det obligatoriska uppehållet kl 11.00 - 13.00 är slopad.
De flesta vallokaler är därför öppna kl 08.00 - 21.00.,De flesta vallokaler är därför öppen kl 08.00 - 21.00.
För övrigt förutsätts att ca en tredjedel av alla arbetsplatser är spridda i bostadsområdena.,För övrigt förutsätts att ca en tredjedel av alla arbetsplatser är spridd i bostadsområdena.
Det interna huvudkylsystemet är slutet och kommer ej i beröring med kylvattnet från havet.,Det interna huvudkylsystemet är sluten och kommer ej i beröring med kylvattnet från havet.
Byggnaderna är väl bevarade.,Byggnaderna är väl bevarad.
Bidragen är skattefria.,Bidragen är skattefri.
Bidragen är skattepliktiga.,Bidragen är skattepliktig.
Bidraget - högst 800 kr / mån. - är skattepliktigt och storleken beror på inkomsten före arbetslösheten.,Bidraget - högst 800 kr / mån. - är skattepliktig och storleken beror på inkomsten före arbetslösheten.
18 afrikanska stater och Madagaskar plus Grekland och Turkiet är nu knutna till EEC genom s k associationsavtal.,18 afrikanska stater och Madagaskar plus Grekland och Turkiet är nu knuten till EEC genom s k associationsavtal.
Variationerna mellan olika församlingar är ganska stora.,Variationerna mellan olika församlingar är ganska stor.
"Det gamla knepet att köra upp bilen mot garageväggen och kolla ljuset är värdelöst; då får du möjligen veta om båda strålkastarna lyser, men inte mycket mera.","Det gamla knepet att köra upp bilen mot garageväggen och kolla ljuset är värdelös; då får du möjligen veta om båda strålkastarna lyser, men inte mycket mera."
Låsen ska vara ordentligt smorda - skaffa en låsspray att ha i beredskap.,Låsen ska vara ordentligt smord - skaffa en låsspray att ha i beredskap.
Om olja hittas och fynden är så stora att de kan kommersiellt utnyttjas får markägaren en sjuttiofemtedel av värdet.,Om olja hittas och fynden är så stor att de kan kommersiellt utnyttjas får markägaren en sjuttiofemtedel av värdet.
"Markpersonalen vid flygvapnet, artillerister och pansarvärnssoldater är värst utsatta.","Markpersonalen vid flygvapnet, artillerister och pansarvärnssoldater är värst utsatt."
- Alla skjutvapen är farliga för hörseln.,- Alla skjutvapen är farlig för hörseln.
Soldaterna bör vara tacksamma mot sin forne kompanichef...,Soldaterna bör vara tacksam mot sin forne kompanichef...
"De högtsmällande närstridsvapnen - granatgevär, pansarvärnskanon osv - är ganska unga på de svenska militärförbanden.","De högtsmällande närstridsvapnen - granatgevär, pansarvärnskanon osv - är ganska ung på de svenska militärförbanden."
"Talade om för folk att cigarettrökning var skadligt, tryckte på alla upptänkliga skäl varför man skulle sluta röka, påpekade vilka skadliga effekter rökningen har.","Talade om för folk att cigarettrökning var skadlig, tryckte på alla upptänkliga skäl varför man skulle sluta röka, påpekade vilka skadliga effekter rökningen har."
De har genom reklamen fått inställningen att cigarrettrökning är accepterat i samhället och i vissa fall t o m eftersträvansvärt.,De har genom reklamen fått inställningen att cigarrettrökning är accepterad i samhället och i vissa fall t o m eftersträvansvärt.
Tolkar är dyra och svåra att anskaffa.,Tolkar är dyr och svåra att anskaffa.
Och den jättelika poströsningen skulle ha databehandlats redan valkvällen och slutresultatet varit klart till midnatt.,Och den jättelika poströsningen skulle ha databehandlats redan valkvällen och slutresultatet varit klar till midnatt.
"Utan den stora vinningen med ett fullständigt datamaskinval är att valresultatet för riksdagsvalet kommer att vara till 99,9 procent färdigräknat innan valdagen är slut.","Utan den stora vinningen med ett fullständigt datamaskinval är att valresultatet för riksdagsvalet kommer att vara till 99,9 procent färdigräknad innan valdagen är slut."
"Den 15 oktober skall landstingsvalet vara helt färdigräknat, den 15 november kommunvalen.","Den 15 oktober skall landstingsvalet vara helt färdigräknad, den 15 november kommunvalen."
Kanske - men uppgifterna är hämtade ur en statlig utredning.,Kanske - men uppgifterna är hämtad ur en statlig utredning.
Det säger sig självt att de utpräglade kvällsmänniskor som börjar jobba klockan 06.00 och som måste stiga upp kanske en timme tidigare för att resa till jobbet inte är alerta.,Det säger sig självt att de utpräglade kvällsmänniskor som börjar jobba klockan 06.00 och som måste stiga upp kanske en timme tidigare för att resa till jobbet inte är alert.
En kopp kaffe är oftast tillräckligt.,En kopp kaffe är oftast tillräcklig.
Myndigheterna är alltså oskyldiga till det köp- och ätmotstånd som skalningsindustrin i höst fått känna på.,Myndigheterna är alltså oskyldig till det köp- och ätmotstånd som skalningsindustrin i höst fått känna på.
Bisulfiten och de farhågor den väcker är inte begränsade till potatis.,Bisulfiten och de farhågor den väcker är inte begränsad till potatis.
Orsakerna är komplexa.,Orsakerna är komplex.
När innertrions första jobb är klart ska EEC-tjänstemännen skriva en rapport till politikerna i Ministerrådet.,När innertrions första jobb är klar ska EEC-tjänstemännen skriva en rapport till politikerna i Ministerrådet.
Både Sveriges motståndare och de som vill ha med Sverige är eniga:,Både Sveriges motståndare och de som vill ha med Sverige är enig:
Detta är bra på barmark - under förutsättning att bilens hjulställ är konstruerat att tåla den större påfrestningen breda däck ger.,Detta är bra på barmark - under förutsättning att bilens hjulställ är konstruerad att tåla den större påfrestningen breda däck ger.
De flesta bilar är i dag redan från fabriken utrustade med radialdäck.,De flesta bilar är i dag redan från fabriken utrustad med radialdäck.
Ryssarna är berömda för sin matematikpedagogiska forskning.,Ryssarna är berömd för sin matematikpedagogiska forskning.
Man skulle lika gärna kunna säja att de svenska resultaten var gynnsamma.,Man skulle lika gärna kunna säja att de svenska resultaten var gynnsam.
Motståndarna är ofta av någon anledning rädda för hundar.,Motståndarna är ofta av någon anledning rädd för hundar.
Meningarna därom är delade.,Meningarna därom är delad.
"Somliga experter är djupt pessimistiska, andra mer optimistiska.","Somliga experter är djupt pessimistisk, andra mer optimistiska."
"Äktenskapet är av Gud stiftat, till samhällets bestånd och till förenade makars inbördes hjälp, att lätta livets mödor, mildra mötande bekymmer och genom en sorgfällig uppfostran bereda efterkommandes välfärd.","Äktenskapet är av Gud stiftad, till samhällets bestånd och till förenade makars inbördes hjälp, att lätta livets mödor, mildra mötande bekymmer och genom en sorgfällig uppfostran bereda efterkommandes välfärd."
"Men man observerar inte alltid, att ordet privatsak är mångtydigt.","Men man observerar inte alltid, att ordet privatsak är mångtydig."
Protestanternas andra argument är ursprungligen negativt: äktenskapet är till för att kanalisera sexuell drift och därmed hindra människan från syndiga användningar av denna drift.,Protestanternas andra argument är ursprungligen negativ: äktenskapet är till för att kanalisera sexuell drift och därmed hindra människan från syndiga användningar av denna drift.
Äktenskapet är i vår kultur monogamt.,Äktenskapet är i vår kultur monogam.
Men varför ska äktenskapet vara monogamt?,Men varför ska äktenskapet vara monogam?
"Enligt det första ska äktenskapet vara monogamt, därför att det är Guds vilja.","Enligt det första ska äktenskapet vara monogam, därför att det är Guds vilja."
Uppfattningarna om hur en sådan fördelning skall se ut torde i stort sett vara gemensamma för religiösa och icke-religiösa i Västerlandet.,Uppfattningarna om hur en sådan fördelning skall se ut torde i stort sett vara gemensam för religiösa och icke-religiösa i Västerlandet.
"Eftersom priserna på kol och olja är relativt fasta, bestäms avvägningen mellan vatten- och ånggenererad kraftproduktion främst av anläggningskostnaderna för vattenkraftverk.","Eftersom priserna på kol och olja är relativt fast, bestäms avvägningen mellan vatten- och ånggenererad kraftproduktion främst av anläggningskostnaderna för vattenkraftverk."
"De stenkolsdrivna värmekraftverken är därför liksom järn- och stålverken i regel lokaliserade till brytningsområdena, t ex till de stora stenkolsdistrikten i England, Västtyskland, Polen och Sovjetunionen.","De stenkolsdrivna värmekraftverken är därför liksom järn- och stålverken i regel lokaliserad till brytningsområdena, t ex till de stora stenkolsdistrikten i England, Västtyskland, Polen och Sovjetunionen."
"Förväntningarna är olika på föräldrar och barn i familjegruppen, på ledaren och de övriga medlemmarna i ett gäng, på basen och jobbarna i ett arbetslag, på män och på kvinnor.","Förväntningarna är olik på föräldrar och barn i familjegruppen, på ledaren och de övriga medlemmarna i ett gäng, på basen och jobbarna i ett arbetslag, på män och på kvinnor."
"Hur fast sådana rollförväntningar är knutna till olika positioner, det växlar mellan olika grupper.","Hur fast sådana rollförväntningar är knuten till olika positioner, det växlar mellan olika grupper."
Riktningen och längden av den upplevda rörelsen är till en början helt osystematiska.,Riktningen och längden av den upplevda rörelsen är till en början helt osystematisk.
Resultaten var mycket entydiga.,Resultaten var mycket entydig.
En miljon svenskar är lågavlönade.,En miljon svenskar är lågavlönad.
Ytterligare en miljon är arbetslösa men det syns inte i den officiella statistiken.,Ytterligare en miljon är arbetslös men det syns inte i den officiella statistiken.
"De som råkar mest illa ut är de som inte kan få arbete, inte tillräckligt i varje fall, inte har pension, inte är gifta - och en stor grupp är i hög grad sjukliga men inte så sjuka att de får pension.","De som råkar mest illa ut är de som inte kan få arbete, inte tillräckligt i varje fall, inte har pension, inte är gifta - och en stor grupp är i hög grad sjuklig men inte så sjuka att de får pension."
En sak som man måste komma ihåg är att socialpolitiken och välfärdsideologin inte är något unikt svenskt.,En sak som man måste komma ihåg är att socialpolitiken och välfärdsideologin inte är något unikt svensk.
Hos hjortdjur kan uppgifterna vara fördelade på olika individer.,Hos hjortdjur kan uppgifterna vara fördelad på olika individer.
De olika arterna av vinkarkrabbor är sexuellt isolerade genom denna för varje art typiska klosignalering.,De olika arterna av vinkarkrabbor är sexuellt isolerad genom denna för varje art typiska klosignalering.
Dessa skapades för borgerskapets promenader och vila; de nya parkerna är avsedda för aktiv sport och långa strövtåg.,Dessa skapades för borgerskapets promenader och vila; de nya parkerna är avsedd för aktiv sport och långa strövtåg.
"Att skilsmässor är vanliga visar, att enheten mellan dem som ingått äktenskap är svår att bevara.","Att skilsmässor är vanlig visar, att enheten mellan dem som ingått äktenskap är svår att bevara."
Det är nämligen ingen tvekan om att Kristus med hänvisning till Guds vilja starkt har understrukit att äktenskapet i princip är livsvarigt.,Det är nämligen ingen tvekan om att Kristus med hänvisning till Guds vilja starkt har understrukit att äktenskapet i princip är livsvarig.
Det är ett svårt problem men följande resonemang tycker vi är rimligt.,Det är ett svårt problem men följande resonemang tycker vi är rimlig.
Det är en sorts svartsjuka och jag tror att det är bra om fruar till nyemanciperade män är medvetna om den sortens överkänslighet.,Det är en sorts svartsjuka och jag tror att det är bra om fruar till nyemanciperade män är medveten om den sortens överkänslighet.
"De äldre rollmodellerna är seglivade, bl.a. beroende på deras förankring i tidig socialisation.","De äldre rollmodellerna är seglivad, bl.a. beroende på deras förankring i tidig socialisation."
"Om kvinnorna även i fortsättningen inriktas på familjens primärgruppsliv, om de i samband med att barnen är små för en avsevärd tid helt håller sig borta från sitt yrke och sin karriär och om olikheten mellan hemmets primärgruppsliv och yrkeslivets sekundärgruppsliv ytterligare skärps, så skapas överlag svårigheter för kvinnorna i deras anpassning till förvärvslivet och deras återgång efter den aktiva moderskapsperioden försvåras.","Om kvinnorna även i fortsättningen inriktas på familjens primärgruppsliv, om de i samband med att barnen är liten för en avsevärd tid helt håller sig borta från sitt yrke och sin karriär och om olikheten mellan hemmets primärgruppsliv och yrkeslivets sekundärgruppsliv ytterligare skärps, så skapas överlag svårigheter för kvinnorna i deras anpassning till förvärvslivet och deras återgång efter den aktiva moderskapsperioden försvåras."
Äktenskapet är av Gud stiftat till samhällets bestånd.,Äktenskapet är av Gud stiftad till samhällets bestånd.
Så som samhället nu är inrättat är det svårare att få kvalificerat arbete om man vill ha deltidstjänst.,Så som samhället nu är inrättad är det svårare att få kvalificerat arbete om man vill ha deltidstjänst.
Med hjälp av formatmallar kan du se till att de XML-baserade webbsidorna i ett intranät eller på en webbplats är enhetliga och har ett konsekvent utseende utan att du behöver lägga till HTML-kod på varje sida.,Med hjälp av formatmallar kan du se till att de XML-baserade webbsidorna i ett intranät eller på en webbplats är enhetlig och har ett konsekvent utseende utan att du behöver lägga till HTML-kod på varje sida.
Lägg märke till att inga presentationsformat är tillgängliga om du inte väljer någon information för export.,Lägg märke till att inga presentationsformat är tillgänglig om du inte väljer någon information för export.
"De två ANSI SQL-frågelägena, ANSI-89 och ANSI-92 är inte kompatibla.","De två ANSI SQL-frågelägena, ANSI-89 och ANSI-92 är inte kompatibel."
"Omfånget av datatyper, reserverade ord och jokertecken är olika i dessa frågelägen.","Omfånget av datatyper, reserverade ord och jokertecken är olik i dessa frågelägen."
Du undviker förvirring genom att kontrollera att alias och kolumnnamn alltid är unika i SQL-uttryck.,Du undviker förvirring genom att kontrollera att alias och kolumnnamn alltid är unik i SQL-uttryck.
Sådana kontroller kommer att vara obundna på sidan.,Sådana kontroller kommer att vara obunden på sidan.
"Standardinställningen för egenskaperna TillåtTillägg, TillåtBorttagning och TillåtRedigering för alla gruppnivåer på en dataåtkomstsida som skapats från en rapport är Falskt.","Standardinställningen för egenskaperna TillåtTillägg, TillåtBorttagning och TillåtRedigering för alla gruppnivåer på en dataåtkomstsida som skapats från en rapport är falsk."
"Vi vet att han en gång varit gift, en gång varit far och att både hans hustru och hans son nu var döda.","Vi vet att han en gång varit gift, en gång varit far och att både hans hustru och hans son nu var död."
"Stenar, löv och kvistar var lika välkomna i hans väska.","Stenar, löv och kvistar var lika välkommen i hans väska."
Stillmans uppträdande hade varit alldeles för oklart för att kunna tolkas i någon riktning.,Stillmans uppträdande hade varit alldeles för oklar för att kunna tolkas i någon riktning.
det här samtalet var alldeles för viktigt för att föras på telefon.,det här samtalet var alldeles för viktig för att föras på telefon.
Eller med andra ord: hur mycket hädelser skulle människorna vara beredda att tolerera om dessa hädelser samtidigt roade dem?,Eller med andra ord: hur mycket hädelser skulle människorna vara beredd att tolerera om dessa hädelser samtidigt roade dem?
"Svaret är uppenbart, eller hur?","Svaret är uppenbar, eller hur?"
"Säkerhetsåtgärderna är strikta när man flyger till Israel, väskorna genomsöks, männen visiteras och man drar en elektronisk ring över kvinnorna från för till akter.","Säkerhetsåtgärderna är strikt när man flyger till Israel, väskorna genomsöks, männen visiteras och man drar en elektronisk ring över kvinnorna från för till akter."
De tankar och impulser som fyller det är inte civiliserade vilket ingalunda betyder att det är underlägsna tankar och impulser.,De tankar och impulser som fyller det är inte civiliserad vilket ingalunda betyder att det är underlägsna tankar och impulser.
Hennes stora brittiska ögon är förnärmade och hennes barm häver sig av förtrytelse.,Hennes stora brittiska ögon är förnärmad och hennes barm häver sig av förtrytelse.
Den gemensamma bönens band är mycket starkt.,Den gemensamma bönens band är mycket stark.
"Jag får ofta höra att askenasernas gamla ledare var fantasilösa, att den nya Rabingruppen saknar resning, att Ben-Gurion var en förskräcklig gammal gubbe men en verklig ledare och att den yngre generationen är avogt inställd till nordafrikanska och asiatiska judar.","Jag får ofta höra att askenasernas gamla ledare var fantasilös, att den nya Rabingruppen saknar resning, att Ben-Gurion var en förskräcklig gammal gubbe men en verklig ledare och att den yngre generationen är avogt inställd till nordafrikanska och asiatiska judar."
De moderna författare som har det största modet är sådana som Mandelstam och Sinjavskij.,De moderna författare som har det största modet är sådan som Mandelstam och Sinjavskij.
Han säger: Jag frågar mig på vilka sätt mitt liv inte har varit typiskt.,Han säger: Jag frågar mig på vilka sätt mitt liv inte har varit typisk.
"Det ena fartyget är det andra tämligen likt, och havet är alltid detsamma.","Det ena fartyget är det andra tämligen lik, och havet är alltid detsamma."
"Ögonen, av den vanliga blå färgen, var kanske anmärkningsvärt kalla och han kunde otvivelaktigt hugga till en med blicken skarpt och djupt som med en yxa.","Ögonen, av den vanliga blå färgen, var kanske anmärkningsvärt kall och han kunde otvivelaktigt hugga till en med blicken skarpt och djupt som med en yxa."
Jag tyckte allt det där pratet var meningslöst.,Jag tyckte allt det där pratet var meningslös.
Och särskilt när man hävdar att motorerna är miljövänliga eftersom de förbrukar mindre bränsle kan man inte göra några undantag.,Och särskilt när man hävdar att motorerna är miljövänlig eftersom de förbrukar mindre bränsle kan man inte göra några undantag.
"STOA, som tog fram ett dokument åt oss, av vilket framgick att bränslen med låg svavelhalt är nödvändiga.","STOA, som tog fram ett dokument åt oss, av vilket framgick att bränslen med låg svavelhalt är nödvändig."
De problem som existerar med anledning av bristen på insyn är särskilt akuta.,De problem som existerar med anledning av bristen på insyn är särskilt akut.
Vi har kulturella olikheter. Jag förstår inte varför undantagen inte skulle vara obligatoriska.,Vi har kulturella olikheter. Jag förstår inte varför undantagen inte skulle vara obligatorisk.
"Det sägs att vi skall skapa balans mellan intressen men, ärligt talat, alla intressen är inte likvärdiga.","Det sägs att vi skall skapa balans mellan intressen men, ärligt talat, alla intressen är inte likvärdig."
Vårt jordbruksutskott är mycket uppmärksamt på kraven från de yrkesverksamma och samhället.,Vårt jordbruksutskott är mycket uppmärksam på kraven från de yrkesverksamma och samhället.
Jag anser emellertid att förhandlingarna var balanserade och att de skapar vissa möjligheter till hållbarhet på denna marknad.,Jag anser emellertid att förhandlingarna var balanserad och att de skapar vissa möjligheter till hållbarhet på denna marknad.
"många länder och regioner är oroliga, och detta kanske med rätta.","många länder och regioner är orolig, och detta kanske med rätta."
"Jag undrar just vilken användning de skulle kunna få för ett radioklassrum i skolorna ute på landsbygden, om inte det i rätt stor utsträckning skulle kunna underlätta bristen på lärare här och på samma gång vidmakthålla en viss standard på såna ställen där lärarna kanhända inte är så där kolossalt välkvalificerade.","Jag undrar just vilken användning de skulle kunna få för ett radioklassrum i skolorna ute på landsbygden, om inte det i rätt stor utsträckning skulle kunna underlätta bristen på lärare här och på samma gång vidmakthålla en viss standard på såna ställen där lärarna kanhända inte är så där kolossalt välkvalificerad."
"Vid ett års ålder hade Harry nämligen överlevt en förbannelse från den störste svartkonstnären som någonsin funnits, Lord Voldemort, vars namn de flesta häxor och trollkarlar fortfarande var rädda att uttala.","Vid ett års ålder hade Harry nämligen överlevt en förbannelse från den störste svartkonstnären som någonsin funnits, Lord Voldemort, vars namn de flesta häxor och trollkarlar fortfarande var rädd att uttala."
"Hans förhoppningar hade förstås aldrig varit särskilt höga: de hade aldrig gett honom en riktig present, och ännu mindre en tårta – men att inte alls låtsas om det.","Hans förhoppningar hade förstås aldrig varit särskilt hög: de hade aldrig gett honom en riktig present, och ännu mindre en tårta – men att inte alls låtsas om det."
Inte för att hela året på Hogwarts hade varit roligt.,Inte för att hela året på Hogwarts hade varit rolig.
Köket var litet och ganska trångt.,Köket var liten och ganska trångt.
"Kjolarna var för korta, håret var för långt och den populära färgkombinationen av lila och orange fick min mor att se ut som en vampyr och min far som Matisse.","Kjolarna var för kort, håret var för långt och den populära färgkombinationen av lila och orange fick min mor att se ut som en vampyr och min far som Matisse."
"Jag tror att jag var lycklig, på det där enerverande beslutsamma sättet som barn är lyckliga på, och det var den lyckan som fungerade som en magnet på båda mina föräldrar.","Jag tror att jag var lycklig, på det där enerverande beslutsamma sättet som barn är lycklig på, och det var den lyckan som fungerade som en magnet på båda mina föräldrar."
"Möblerna var enkla: ett avlutat bord i sykomorträ, en djup diskho i emalj, några udda stolar och en stinkande Rayburnspis som var koleldad och lämnade sot på farmors scones.","Möblerna var enkel: ett avlutat bord i sykomorträ, en djup diskho i emalj, några udda stolar och en stinkande Rayburnspis som var koleldad och lämnade sot på farmors scones."
Mina föräldrars hus var så rent att det gjorde mig sjuk.,Mina föräldrars hus var så ren att det gjorde mig sjuk.
"Hennes strumpsömmar var raka, hennes hår lockigt, hennes rygg rak, hennes midja svängd, hennes ben var långa, hennes bröst runda, hennes mage var platt men inte hennes stjärt.","Hennes strumpsömmar var rak, hennes hår lockigt, hennes rygg rak, hennes midja svängd, hennes ben var långa, hennes bröst runda, hennes mage var platt men inte hennes stjärt."
"Djupare nu, där vattnet inte är klart.","Djupare nu, där vattnet inte är klar."
Höga röster är lika konstlade som höga klackar.,Höga röster är lika konstlad som höga klackar.
Engelsmän är inte artiga hur mycket man än betalar dem.,Engelsmän är inte artig hur mycket man än betalar dem.
"Hennes hår var mörkrött, rött som skogskornell, rött som läder, och hade en spänst som är delvis en gåva, delvis något man ansträngt sig för.","Hennes hår var mörkröd, rött som skogskornell, rött som läder, och hade en spänst som är delvis en gåva, delvis något man ansträngt sig för."
Jag gissade att hennes utseende var lika konstfullt som det var konstlöst.,Jag gissade att hennes utseende var lika konstfull som det var konstlöst.
Kommunalt bostadstillägg är inkomstprövat.,Kommunalt bostadstillägg är inkomstprövad.
Det fordras vidare att makarna varit gifta i 5 år för att hustrutillägg skall kunna utgå.,Det fordras vidare att makarna varit gift i 5 år för att hustrutillägg skall kunna utgå.
Men det är viktigt att veta att de flesta u-länder är fattiga bara i den meningen att större delen av befolkningen lever i fattigdom.,Men det är viktigt att veta att de flesta u-länder är fattig bara i den meningen att större delen av befolkningen lever i fattigdom.
Men de existerande måtten är ändå användbara när man vill göra sig en bild av olika folks levnadsnivå.,Men de existerande måtten är ändå användbar när man vill göra sig en bild av olika folks levnadsnivå.
U-länderna är olika,U-länderna är olik
"En del länder är tättbefolkade, andra glest befolkade.","En del länder är tättbefolkad, andra glest befolkade."
De flesta u-länder har varit koloniserade,De flesta u-länder har varit koloniserad
"Naturligtvis måste allt praktiskt arbete i hemmet skötas, men stunderna tillsammans med den lille är minst lika viktiga.","Naturligtvis måste allt praktiskt arbete i hemmet skötas, men stunderna tillsammans med den lille är minst lika viktig."
Plastskynken är särskilt farliga och bör inte finnas inom räckhåll för de små.,Plastskynken är särskilt farlig och bör inte finnas inom räckhåll för de små.
"En del barn är tidiga och andra sena, skillnaderna brukar jämna ut sig på längre sikt.","En del barn är tidig och andra sena, skillnaderna brukar jämna ut sig på längre sikt."
"Det kan hända, att ett barn är tidigt på ett område, t.ex. när det gäller att gå, men senare med att tala eller tvärtom.","Det kan hända, att ett barn är tidig på ett område, t.ex. när det gäller att gå, men senare med att tala eller tvärtom."
Målade klossar och andra lämpliga leksaker måste vara ofarliga och tåliga.,Målade klossar och andra lämpliga leksaker måste vara ofarlig och tåliga.
Barnen kan t.ex. vara hungriga eller törstiga.,Barnen kan t.ex. vara hungrig eller törstiga.
"Vi har inte sett några symtom, men det skrämmande är att vårt öde kanske är beseglat tjugo år innan symtomen framträder.","Vi har inte sett några symtom, men det skrämmande är att vårt öde kanske är beseglad tjugo år innan symtomen framträder."
U-ländernas militärutgifter är dubbelt så stora som deras inkomster i form av u-hjälp.,U-ländernas militärutgifter är dubbelt så stor som deras inkomster i form av u-hjälp.
"Visserligen är halterna oroande höga, men nån fara för människan är det inte.","Visserligen är halterna oroande hög, men nån fara för människan är det inte."
Lätta problem är normala,Lätta problem är normal
47 procent av kvinnorna i dr Nilssons undersökning var gravida vid giftermålet.,47 procent av kvinnorna i dr Nilssons undersökning var gravid vid giftermålet.
Så snart registreringarna är klara kan patienten i princip resa sig från sin brits utan några kvarstående besvär.,Så snart registreringarna är klar kan patienten i princip resa sig från sin brits utan några kvarstående besvär.
"Som förut framhållits har stimulantia och narkotika, d v s uppiggande och bedövande medel, varit kända i alla tider och överallt.","Som förut framhållits har stimulantia och narkotika, d v s uppiggande och bedövande medel, varit känd i alla tider och överallt."
Samhället var ointresserat av att ingripa för att få en ändring till stånd.,Samhället var ointresserad av att ingripa för att få en ändring till stånd.
Lånevillkoren har varit så beskaffade att de har medverkat till att hålla bostadskostnaderna på rimlig nivå.,Lånevillkoren har varit så beskaffad att de har medverkat till att hålla bostadskostnaderna på rimlig nivå.
"Eftersom hyreshöjningarna varit generella, har vissa fastighetsägare fått mera än vad som motsvarat kostnadsökningen, andra har fått mindre.","Eftersom hyreshöjningarna varit generell, har vissa fastighetsägare fått mera än vad som motsvarat kostnadsökningen, andra har fått mindre."
Cirka 400000 familjer är berättigade till statliga bostadstillägg.,Cirka 400000 familjer är berättigad till statliga bostadstillägg.
Industriländerna är starkt industrialiserade och har hög levnadsstandard.,Industriländerna är starkt industrialiserad och har hög levnadsstandard.
"Har vi någonsin frågat oss om människorna som arbetar med våra barn i daghem, lekskolor, skolor, är tillräckligt intresserade och inne i yrket att ta hand om våra barn?","Har vi någonsin frågat oss om människorna som arbetar med våra barn i daghem, lekskolor, skolor, är tillräckligt intresserad och inne i yrket att ta hand om våra barn?"
Barnen är kvinnodominerade och blir ensidigt påverkade från allra första början.,Barnen är kvinnodominerad och blir ensidigt påverkade från allra första början.
Möjligheterna att skaffa tillfredsställande föräldravikarier är jämförbara med chanserna att vinna på lotteri.,Möjligheterna att skaffa tillfredsställande föräldravikarier är jämförbar med chanserna att vinna på lotteri.
Det kan formuleras så olika - men i varje fall vet vi att det inte räcker med att barn är mätta och rena och sysselsatta - saker som i och för sej kan hålla den enskilde vårdaren fullt sysselsatt.,Det kan formuleras så olika - men i varje fall vet vi att det inte räcker med att barn är mätt och rena och sysselsatta - saker som i och för sej kan hålla den enskilde vårdaren fullt sysselsatt.
Men så länge barnen är uteslutande hänvisade till att växa upp inom familjens bostad utrustar vi varje bostad så att den ska inge sina bebyggare hoppet att här ska det gå att förverkliga en låt vara maskinell sörgårdsdröm.,Men så länge barnen är uteslutande hänvisad till att växa upp inom familjens bostad utrustar vi varje bostad så att den ska inge sina bebyggare hoppet att här ska det gå att förverkliga en låt vara maskinell sörgårdsdröm.
"I stället för den nuvarande situationen där föräldrar och barn är varandras livegna - med överbindningar, aggressioner, otrygghet som följd - (en ny uteslutningsgemenskap som inte kännetecknade den gamla mångfacetterade familjen) har föräldrar och barn ett ömsesidigt oberoende - med obeskurna möjligheter till fritidsumgänge.","I stället för den nuvarande situationen där föräldrar och barn är varandras livegen - med överbindningar, aggressioner, otrygghet som följd - (en ny uteslutningsgemenskap som inte kännetecknade den gamla mångfacetterade familjen) har föräldrar och barn ett ömsesidigt oberoende - med obeskurna möjligheter till fritidsumgänge."
Att på det sättet öppet visa att ett barn är fött utom äktenskapet skulle i de flesta andra länder vara helt otänkbart - hos oss är det väl knappast längre någon som reagerar.,Att på det sättet öppet visa att ett barn är född utom äktenskapet skulle i de flesta andra länder vara helt otänkbart - hos oss är det väl knappast längre någon som reagerar.
"Detta innebär inte att förhållandena är oförändrade i andra länder, som exempel kan nämnas den nya synen på skilsmässa i Italien.","Detta innebär inte att förhållandena är oförändrad i andra länder, som exempel kan nämnas den nya synen på skilsmässa i Italien."
"Äktenskapet är av Gud instiftat heter det i vigselformuläret, och för de flesta människor innebär äktenskapets ingående ett allvarligt och noga övervägt ställningstagande.","Äktenskapet är av Gud instiftad heter det i vigselformuläret, och för de flesta människor innebär äktenskapets ingående ett allvarligt och noga övervägt ställningstagande."
Man ifrågasätter att just föräldrarna alltid skulle vara de bäst lämpade att uppfostra barnen.,Man ifrågasätter att just föräldrarna alltid skulle vara de bäst lämpad att uppfostra barnen.
"I en vanlig familj är barnen helt utlämnade åt eventuella misstag och försummelser från föräldrarnas sida och, vad mera är, de kan få hela sitt liv upp och nedvänt om föräldrarna skulle skilja sig eller dö och lämna barnen utan någon fast punkt.","I en vanlig familj är barnen helt utlämnad åt eventuella misstag och försummelser från föräldrarnas sida och, vad mera är, de kan få hela sitt liv upp och nedvänt om föräldrarna skulle skilja sig eller dö och lämna barnen utan någon fast punkt."
Det nya samhälle man ville ge kvinnorna är inte så helt olikt det gamla i det avseendet.,Det nya samhälle man ville ge kvinnorna är inte så helt olik det gamla i det avseendet.
"De eventuella skillnader man finner mellan kibbutz- och moshavbarn borde kunna hänföras till skillnad i uppfostran, förutsatt att de barngrupper man undersöker är tillräckligt stora och utvalda på riktigt sätt.","De eventuella skillnader man finner mellan kibbutz- och moshavbarn borde kunna hänföras till skillnad i uppfostran, förutsatt att de barngrupper man undersöker är tillräckligt stor och utvalda på riktigt sätt."
"I alla test var moshavbarnen något överlägsna, men bara för det sistnämnda testet var skillnaden signifikant stor.","I alla test var moshavbarnen något överlägsen, men bara för det sistnämnda testet var skillnaden signifikant stor."
De barngrupper han arbetade med var väl små för generaliseringar och de psykologiska test som användes är överhuvudtaget mycket svårtolkade.,De barngrupper han arbetade med var väl liten för generaliseringar och de psykologiska test som användes är överhuvudtaget mycket svårtolkade.
En avromantisering av äktenskapet är nödvändigt för kvinnans egen skull.,En avromantisering av äktenskapet är nödvändig för kvinnans egen skull.
Det har blivit så att kvinnorna är livlösa.,Det har blivit så att kvinnorna är livlös.
Jag tror barn som växer upp i kollektiv miljö måste vara bättre anpassade att leva tillsammans än vad vi var.,Jag tror barn som växer upp i kollektiv miljö måste vara bättre anpassad att leva tillsammans än vad vi var.
Själv har jag inte en tanke på att gå ut i förvärvslivet så länge barnen är små.,Själv har jag inte en tanke på att gå ut i förvärvslivet så länge barnen är liten.
Kvinnorna är inte något vidare aktiva annars.,Kvinnorna är inte något vidare aktiv annars.
I framtiden kommer det att bli ännu större brist på arbetskraft och vi måste importera mer utländsk arbetskraft och det kanske bara är bra för ett folk med så kortsiktig familjepolitik är kanske inte värt att överleva.,I framtiden kommer det att bli ännu större brist på arbetskraft och vi måste importera mer utländsk arbetskraft och det kanske bara är bra för ett folk med så kortsiktig familjepolitik är kanske inte värd att överleva.
"Citaten är hämtade ur Svenska Dagbladets debatt Hemmafru i skatteskruv (vänstra spalten, rak stil) och Kajsa Ohrlander: Kvinnor som slavar, Aldus / Bonniers, 13:75 (högra spalten, kursiv stil).","Citaten är hämtad ur Svenska Dagbladets debatt Hemmafru i skatteskruv (vänstra spalten, rak stil) och Kajsa Ohrlander: Kvinnor som slavar, Aldus / Bonniers, 13:75 (högra spalten, kursiv stil)."
Dessutom är ofta de gifta yrkeskvinnornas egna män fostrade i den traditionella uppfattningen att hemarbete är kvinnogöra - även om kvinnan i fråga skulle ha en arbetstid utom hemmet som är lika lång som mannens.,Dessutom är ofta de gifta yrkeskvinnornas egna män fostrad i den traditionella uppfattningen att hemarbete är kvinnogöra - även om kvinnan i fråga skulle ha en arbetstid utom hemmet som är lika lång som mannens.
Det moderna äktenskapet som i de flesta fall ingås uteslutande av känslomässiga motiv är rimligtvis underkastat känslornas svängningar och är därför inte en tillräckligt stabil institution för att utgöra grunden för människors långsiktiga trygghet.,Det moderna äktenskapet som i de flesta fall ingås uteslutande av känslomässiga motiv är rimligtvis underkastad känslornas svängningar och är därför inte en tillräckligt stabil institution för att utgöra grunden för människors långsiktiga trygghet.
Om mer data är tillgängliga kan du lägga till fält i diagrammet.,Om mer data är tillgänglig kan du lägga till fält i diagrammet.
"Och ändå säger han ju, inföll Quinn, att Cid Hamete Benengelis version av berättelsen om Don Quijote är den enda sanna.","Och ändå säger han ju, inföll Quinn, att Cid Hamete Benengelis version av berättelsen om Don Quijote är den enda sann."
Han har ett fylligt ungdomligt intelligent ansikte; det svarta skägget är litet och välvårdat.,Han har ett fylligt ungdomligt intelligent ansikte; det svarta skägget är liten och välvårdat.
Ögonen är gröna.,Ögonen är grön.
"Icke desto mindre ser jag i en bok som heter Things to Come att två amerikaner som anser sig vara allt annat än hjälplösa och underutvecklade, Herman Kahn och B Bruce-Briggs, är föga imponerade av ryssarnas prestationer.","Icke desto mindre ser jag i en bok som heter Things to Come att två amerikaner som anser sig vara allt annat än hjälplösa och underutvecklade, Herman Kahn och B Bruce-Briggs, är föga imponerad av ryssarnas prestationer."
"Ens emotionella reaktioner på varje nyhet om israeliska förluster, nedskjutna plan och så vidare, är förutbestämda.","Ens emotionella reaktioner på varje nyhet om israeliska förluster, nedskjutna plan och så vidare, är förutbestämd."
Varken fakta eller förvrängningar och suggestiva mediaplattityder (som är plågsamma eftersom de bakomliggande realiteterna är så väldiga och så förfärande) kan stängas ute.,Varken fakta eller förvrängningar och suggestiva mediaplattityder (som är plågsamma eftersom de bakomliggande realiteterna är så väldig och så förfärande) kan stängas ute.
Men hög skyddsnivå är inte detsamma som en absolut gardering mot allt och lite till och till vilken kostnad som helst.,Men hög skyddsnivå är inte densamma som en absolut gardering mot allt och lite till och till vilken kostnad som helst.
låt oss därför hoppas att kommissionens förslag kommer att vara tillräckliga för att detta arbete görs effektivt.,låt oss därför hoppas att kommissionens förslag kommer att vara tillräcklig för att detta arbete görs effektivt.
Ty generiska preparat är naturligtvis meningsfulla efter det att ett patentskydd eller annat skydd upphört.,Ty generiska preparat är naturligtvis meningsfull efter det att ett patentskydd eller annat skydd upphört.
Taminos förslag är därför i hög grad oproportionerliga.,Taminos förslag är därför i hög grad oproportionerlig.
Och det är bara om nackdelarna är lika stora som fördelarna som man bör använda försiktighetsprincipen.,Och det är bara om nackdelarna är lika stor som fördelarna som man bör använda försiktighetsprincipen.
"Dobby lutade sig fram mot Harry, och hans ögon var stora som strålkastare.","Dobby lutade sig fram mot Harry, och hans ögon var stor som strålkastare."
"Det var förstås bara i trollkarlsvärlden som hans pengar var värda någonting; man kunde inte använda galleoner, siklar och knutingar i mugglarbutiker.","Det var förstås bara i trollkarlsvärlden som hans pengar var värd någonting; man kunde inte använda galleoner, siklar och knutingar i mugglarbutiker."
Böckerna och bokhandeln hade sålts och det hemliga rummet var tomt.,Böckerna och bokhandeln hade sålts och det hemliga rummet var tom.
XSL-formatmallar (Extensible Stylesheet Language) är däremot betydligt mer flexibla än CSS-filer.,XSL-formatmallar (Extensible Stylesheet Language) är däremot betydligt mer flexibel än CSS-filer.
"I ett formulär eller en rapport visas aldrig egenskapen Namn när mer än en kontroll är markerad, eftersom kontrollnamn måste vara unika.","I ett formulär eller en rapport visas aldrig egenskapen Namn när mer än en kontroll är markerad, eftersom kontrollnamn måste vara unik."
De flesta av middagsgästerna är överens om att Rysslands inre svårigheter är så stora att det kanske måste dra sig tillbaka från Syrien.,De flesta av middagsgästerna är överens om att Rysslands inre svårigheter är så stor att det kanske måste dra sig tillbaka från Syrien.
Sådana intelligenta synpunkter har inte alltid varit felaktiga.,Sådana intelligenta synpunkter har inte alltid varit felaktig.
Upplysningstidens intellektuella ledare var avgjort antisemitiska.,Upplysningstidens intellektuella ledare var avgjort antisemitisk.
"Vi är mycket känslosamma och besökarna är också känslosamma i motsvarande grad, och när de har trakterats med vin och mat och fester och skålar och TV-sändningar och parader och applåder och man har diskuterat lån och leveranser av atomverk och vapen är de helt förälskade i oss.","Vi är mycket känslosamma och besökarna är också känslosam i motsvarande grad, och när de har trakterats med vin och mat och fester och skålar och TV-sändningar och parader och applåder och man har diskuterat lån och leveranser av atomverk och vapen är de helt förälskade i oss."
Bokläsare är tydligen inte lika intensivt lidelsefulla som sportentusiaster.,Bokläsare är tydligen inte lika intensivt lidelsefull som sportentusiaster.
Dessa makabra gestalter var fria som luften och inte mycket mer substantiella.,Dessa makabra gestalter var fri som luften och inte mycket mer substantiella.
"Han gick bort till andra ändan av trädgården och krängde sig igenom taggtrådsstängslet, men gräset och den torniga bushen på andra sidan (Dandos ställe låg tretton kilometer utanför staden) var alldeles för snåriga för att man skulle kunna ta sig fram där det inte fanns någon stig.","Han gick bort till andra ändan av trädgården och krängde sig igenom taggtrådsstängslet, men gräset och den torniga bushen på andra sidan (Dandos ställe låg tretton kilometer utanför staden) var alldeles för snårig för att man skulle kunna ta sig fram där det inte fanns någon stig."
... jag skulle kunna ge er dussintals exempel på hur det går till... ceremonin i eftermiddags: precis som en hästkapplöpning kan jag försäkra... arrangemangen var alldeles likadana som vid stora julderbyt för välgörande ändamål. Men jag frågar: kan dom över huvud taget nåt annat?,... jag skulle kunna ge er dussintals exempel på hur det går till... ceremonin i eftermiddags: precis som en hästkapplöpning kan jag försäkra... arrangemangen var alldeles likadan som vid stora julderbyt för välgörande ändamål. Men jag frågar: kan dom över huvud taget nåt annat?
Vinet var varmt men ett tidigt morgonregn bröt ut som svett och svalkade halsar och ansikten.,Vinet var varm men ett tidigt morgonregn bröt ut som svett och svalkade halsar och ansikten.
"Som alltid i trollkarlsvärlden var fotografiet rörligt. Trollkarlen, som Harry antog måste vara Gyllenroy Lockman, blinkade hela tiden okynnigt åt dem allihop.","Som alltid i trollkarlsvärlden var fotografiet rörlig. Trollkarlen, som Harry antog måste vara Gyllenroy Lockman, blinkade hela tiden okynnigt åt dem allihop."
Livet i Kråkboet var så olikt livet på Privet Drive som tänkas kan.,Livet i Kråkboet var så olik livet på Privet Drive som tänkas kan.
"Stjärnorna var djupt insjunkna, de låg inte på mörkrets yta utan var inhamrade i det.","Stjärnorna var djupt insjunken, de låg inte på mörkrets yta utan var inhamrade i det."
Jag såg stäven av silver passera ovanför mig och seglen var fransiga.,Jag såg stäven av silver passera ovanför mig och seglen var fransig.
